gene,endometriosis,atypical endometriosis,adjacent endometriosis,ovarian carcinoma
ATF4,10.377349124,10.800813821111111,10.837551006,10.421986761758621
ATF6,9.358133812666667,9.483020315666668,9.465030390899999,9.690548440275862
CHAC1,4.741572199666667,4.621361133833333,4.6286715427,5.316497382931034
DDIT3,3.488509003111111,3.569443993388889,3.6233384792,3.475354926862069
EIF2AK3,5.302433674333333,6.2322155665,6.1818452171,6.2414100725862065
ERN1,6.229246862,6.981690283111111,6.9616119043,6.465985217655173
HSPA5,9.325822746111111,9.443917155444446,9.650236167,10.568819025034482
XBP1,9.883516472,10.493258283444442,10.3638269889,11.627347924827589
